City_ID,City,Lat,Lng,Max Temp,Humidity,Cloudiness,Wind Speed,Country,Date
0,lorengau,-2.0226,147.2712,300.21,82,100,4.61,PG,1689371453
1,bethel,41.3712,-73.414,300.64,77,40,4.63,US,1689370878
2,carnarvon,-24.8667,113.6333,286.84,64,0,9.01,AU,1689371000
3,portland,45.5234,-122.6762,307.1,33,0,4.12,US,1689371159
4,laguna,38.421,-121.4238,312.62,25,0,4.12,US,1689371085
5,ta`u,-14.2336,-169.5144,300.01,79,99,7.36,AS,1689371003
6,alofi,-19.0595,-169.9187,296.09,94,97,6.17,NU,1689371117
7,thompson,55.7435,-97.8558,284.24,100,100,3.09,CA,1689370924
8,iqaluit,63.7506,-68.5145,280.0,100,100,1.54,CA,1689370913
9,badger,64.8,-147.5333,293.1,62,75,1.54,US,1689370890
10,port elizabeth,-33.918,25.5701,288.31,67,0,2.06,ZA,1689370640
11,college,64.8569,-147.8028,293.14,63,75,1.54,US,1689370867
12,vernon,50.2581,-119.2691,304.6,26,66,1.03,CA,1689370925
13,kununurra,-15.7667,128.7333,288.14,88,14,0.0,AU,1689370789
14,lazaro cardenas,17.9583,-102.2,304.9,64,69,6.12,MX,1689371456
15,tabou,4.423,-7.3528,298.14,86,27,3.63,CI,1689371015
16,grytviken,-54.2811,-36.5092,269.74,66,2,3.02,GS,1689370865
17,waitangi,-43.9535,-176.5597,282.49,93,79,1.34,NZ,1689370888
18,conception bay south,47.4999,-52.9981,294.68,82,84,4.59,CA,1689371021
19,fortuna,40.5982,-124.1573,295.89,73,20,7.2,US,1689371083
20,mount isa,-20.7333,139.5,283.02,100,75,3.09,AU,1689370984
21,luderitz,-26.6481,15.1594,288.34,57,0,2.47,NA,1689370978
22,puerto baquerizo moreno,-0.9,-89.6,299.7,78,75,4.12,EC,1689370910
23,blackmans bay,-43.0167,147.3167,282.22,77,100,4.58,AU,1689370863
24,port-aux-francais,-49.35,70.2167,275.66,59,92,15.45,TF,1689370860
25,puerto rico,-26.796,-55.024,280.77,95,50,1.45,AR,1689371460
26,whitehorse,60.7161,-135.0538,297.09,43,75,3.09,CA,1689370866
27,berezovyy,51.6667,135.7,294.74,53,95,1.35,RU,1689371037
28,salym,60.0625,71.4789,286.93,68,100,4.7,RU,1689371191
29,chabahar,25.2919,60.643,301.8,81,87,5.37,IR,1689370983
30,constantia,44.1833,28.65,297.53,64,60,4.82,RO,1689370895
31,olonkinbyen,70.9221,-8.7187,278.1,98,100,8.02,SJ,1689371462
32,ushuaia,-54.8,-68.3,276.96,60,20,2.57,AR,1689370855
33,acarau,-2.8856,-40.12,299.07,83,17,8.02,BR,1689370921
34,petropavlovsk-kamchatsky,53.0452,158.6483,284.48,100,100,2.0,RU,1689370901
35,sarkand,45.41,79.9186,298.9,19,2,3.91,KZ,1689371463
36,albany,42.6001,-73.9662,301.44,76,85,0.89,US,1689370918
37,invercargill,-46.4,168.35,281.14,87,100,2.42,NZ,1689370886
38,papatowai,-46.5619,169.4708,282.39,81,100,2.46,NZ,1689371464
39,puerto ayora,-0.7393,-90.3518,303.13,87,93,2.68,EC,1689370876
40,cole harbour,44.6724,-63.4751,299.81,71,15,6.17,CA,1689371464
41,smila,49.2224,31.8871,289.17,89,31,3.13,UA,1689371465
42,bredasdorp,-34.5322,20.0403,286.52,56,92,2.26,ZA,1689371339
43,stanley,54.868,-1.6985,287.75,93,75,3.6,GB,1689370917
44,adamstown,-25.066,-130.1015,294.45,73,0,5.15,PN,1689370870
45,longyearbyen,78.2186,15.6401,285.06,50,0,5.14,SJ,1689370901
46,kone,-21.0595,164.8658,294.25,56,2,3.07,NC,1689371127
47,punta arenas,-53.15,-70.9167,275.21,80,0,3.09,CL,1689370666
48,timbuktu,16.7735,-3.0074,304.44,46,56,9.19,ML,1689371467
49,ikovka,55.6089,64.9375,285.54,98,38,1.49,RU,1689371467
50,avarua,-21.2078,-159.775,299.18,83,75,1.54,CK,1689370950
51,hamilton,39.1834,-84.5333,306.91,45,0,5.66,US,1689370701
52,lanivtsi,49.8633,26.0908,288.25,75,3,3.12,UA,1689371468
53,ribeira grande,38.5167,-28.7,294.37,78,20,2.57,PT,1689371468
54,suwayr,30.1171,40.3893,307.67,12,100,3.56,SA,1689371469
55,st. paul,44.9444,-93.0933,304.46,52,20,7.72,US,1689371437
56,san rafael,-34.6177,-68.3301,284.03,36,78,4.03,AR,1689371172
57,nabire,-3.3667,135.4833,296.79,92,82,1.84,ID,1689371469
58,tiksi,71.6872,128.8694,283.32,62,80,0.76,RU,1689370902
59,babolsar,36.7025,52.6576,298.61,65,3,2.21,IR,1689371470
60,susuman,62.7833,148.1667,294.8,61,10,2.19,RU,1689371470
61,el jadid,33.2549,-8.506,295.41,84,0,4.32,MA,1689371471
62,lensk,60.7253,114.9278,281.81,82,14,2.2,RU,1689371471
63,egilsstadir,65.2653,-14.3948,279.1,93,75,3.09,IS,1689370991
64,west island,-12.1568,96.8225,297.14,78,100,8.75,CC,1689371472
65,kodiak,57.79,-152.4072,286.88,82,75,1.54,US,1689371472
66,ilulissat,69.2167,-51.1,279.16,93,100,4.12,GL,1689370929
67,tonj,7.2737,28.6822,294.88,98,84,1.29,SS,1689371474
68,sa'dah,16.9402,43.7639,297.42,41,100,0.83,YE,1689371474
69,praia da vitoria,38.7333,-27.0667,295.29,78,20,5.38,PT,1689371088
70,alma,48.5501,-71.6491,298.76,67,69,2.36,CA,1689371304
71,safi,32.1667,-8.8333,295.04,66,0,5.68,MA,1689371475
72,kerikeri,-35.2268,173.9474,288.1,89,18,1.34,NZ,1689370889
73,natal,-5.795,-35.2094,299.51,89,20,3.6,BR,1689371240
74,cabo san lucas,22.8909,-109.9124,308.81,46,0,3.09,MX,1689370779
75,hermanus,-34.4187,19.2345,287.9,74,90,2.44,ZA,1689370924
76,vilyuchinsk,52.9306,158.4028,285.3,98,100,0.48,RU,1689370899
77,ulladulla,-35.35,150.4667,288.32,59,100,4.3,AU,1689370991
78,yellowknife,62.456,-114.3525,296.44,27,40,3.6,CA,1689371239
79,lompoc,34.6391,-120.4579,306.92,75,40,5.14,US,1689370905
80,cupira,-8.6167,-35.95,293.96,98,6,2.52,BR,1689371265
81,preston,53.7667,-2.7167,290.74,90,84,5.58,GB,1689371478
82,inhapi,-9.2214,-37.7486,294.62,76,0,2.32,BR,1689371478
83,udachny,66.4167,112.4,278.4,69,45,5.78,RU,1689371478
84,kavaratti,10.5669,72.642,300.58,77,72,4.3,IN,1689371479
85,ust-nera,64.5667,143.2,297.67,52,32,2.65,RU,1689370904
86,manavalakurichi,8.1333,77.3,299.71,81,100,6.59,IN,1689371479
87,afaahiti,-17.75,-149.2833,301.08,68,26,3.93,PF,1689370955
88,puerto natales,-51.7236,-72.4875,270.75,93,89,0.89,CL,1689371480
89,camana,-16.6228,-72.7111,291.61,80,99,2.43,PE,1689371480
90,hue,16.4667,107.6,302.21,84,40,0.51,VN,1689371480
91,maintirano,-18.0667,44.0167,295.56,79,64,3.7,MG,1689371481
92,hilo,19.7297,-155.09,303.86,67,0,5.14,US,1689370922
93,shahpura,27.3833,75.9667,303.89,62,89,1.48,IN,1689371481
94,lospalos,-8.5186,127.0025,292.9,92,75,2.49,TL,1689371482
95,cangzhou,38.3167,116.8667,299.04,46,2,4.69,CN,1689371482
96,paradip garh,20.3167,86.6167,301.87,78,100,5.84,IN,1689371483
97,st. john's,47.5649,-52.7093,294.81,78,75,8.75,CA,1689371029
98,pudasjarvi,65.3833,26.9167,286.82,89,92,0.25,FI,1689371483
99,san antonio de pale,-1.4014,5.6325,296.67,82,60,5.41,GQ,1689370892
100,hammerfest,70.6634,23.6821,289.4,63,0,2.06,NO,1689371484
101,utrik,11.2278,169.8474,301.43,78,73,7.83,MH,1689370896
102,leava,-14.3,-178.1667,300.52,80,88,9.98,WF,1689371128
103,erenhot,43.6475,111.9767,291.62,43,26,4.1,CN,1689371485
104,georgetown,5.4112,100.3354,302.72,93,20,1.03,MY,1689370771
105,talnakh,69.4865,88.3972,279.38,64,100,2.22,RU,1689370938
106,markaz-e hukumat-e darweshan,31.1323,64.1934,303.62,11,0,2.19,AF,1689371486
107,copiapo,-27.3667,-70.3333,287.98,38,0,1.82,CL,1689371486
108,talcahuano,-36.7167,-73.1167,284.97,76,40,5.14,CL,1689371487
109,saint-pierre,-21.3393,55.4781,294.58,94,75,9.26,RE,1689370922
110,colac,-38.3333,143.5833,282.5,93,100,3.05,AU,1689371487
111,belyy yar,53.6039,91.3903,291.09,94,3,1.0,RU,1689371487
112,baiao,-2.7906,-49.6717,299.49,75,61,1.39,BR,1689371488
113,port alfred,-33.5906,26.891,291.16,42,100,4.93,ZA,1689371488
114,vila velha,-20.3297,-40.2925,295.12,78,75,7.2,BR,1689370927
115,arkhangel'sk,64.5401,40.5433,287.66,90,90,2.12,RU,1689371489
116,sinabang,2.4803,96.3801,299.12,79,100,1.09,ID,1689371489
117,lu-uk,5.9684,121.3122,299.47,86,99,2.13,PH,1689371489
118,flying fish cove,-10.4217,105.6791,296.97,83,75,5.14,CX,1689371046
119,edinburgh of the seven seas,-37.0676,-12.3116,288.93,93,100,13.56,SH,1689370892
120,iskateley,67.6803,53.1512,284.88,80,7,3.36,RU,1689370921
121,sterlibashevo,53.4376,55.2578,285.52,92,78,3.8,RU,1689371491
122,ulaangom,49.9811,92.0667,292.05,50,35,1.46,MN,1689371491
123,behompy,-23.2496,43.8557,289.92,64,0,5.59,MG,1689371491
124,mtwara,-10.2667,40.1833,295.08,86,0,4.7,TZ,1689371492
125,port mathurin,-19.6833,63.4167,296.88,81,100,8.09,MU,1689370908
126,namibe,-15.1961,12.1522,294.34,44,0,6.4,AO,1689370926
127,aasiaat,68.7098,-52.8699,276.79,97,100,4.58,GL,1689370941
128,alo,7.4178,6.7371,297.11,96,71,1.79,NG,1689371051
129,crane,31.3974,-102.3501,313.08,16,27,7.96,US,1689371493
130,lebu,-37.6167,-73.65,282.35,75,64,3.91,CL,1689371493
131,abepura,-2.6333,140.5833,297.6,88,20,0.0,ID,1689371114
132,runing,33.0011,114.3542,298.38,61,55,4.19,CN,1689371494
133,altay,47.8667,88.1167,295.84,31,30,2.91,CN,1689371494
134,margaret river,-33.95,115.0667,280.53,78,0,3.15,AU,1689371494
135,cluses,46.0625,6.575,298.73,60,18,3.02,FR,1689371495
136,geraldton,-28.7667,114.6,281.38,81,0,5.66,AU,1689370787
137,san martin,-33.081,-68.4681,285.45,41,10,1.6,AR,1689371495
138,coahuayana de hidalgo,18.7,-103.6583,306.1,64,26,3.3,MX,1689371064
139,polyarnyy,69.1989,33.4478,289.3,78,82,1.59,RU,1689371135
140,codrington,-38.2667,141.9667,283.0,85,100,5.05,AU,1689370943
141,severnoye,56.3491,78.3619,290.39,98,78,2.63,RU,1689371496
142,anadyr,64.75,177.4833,284.43,93,100,1.0,RU,1689371496
143,wagar,16.1525,36.2032,304.68,42,85,10.95,SD,1689371497
144,vershino-darasunskiy,52.35,115.5167,286.82,62,20,1.44,RU,1689371497
145,egersund,58.4513,5.9997,288.11,86,94,4.78,NO,1689371497
146,jamestown,42.097,-79.2353,300.38,61,75,4.12,US,1689371244
147,wellington,-41.2866,174.7756,283.96,87,53,4.12,NZ,1689371312
148,kingston,17.997,-76.7936,308.84,55,20,11.32,JM,1689371326
149,brinkmann,-30.8659,-62.0374,283.14,81,52,3.43,AR,1689371341
150,saipan,15.1355,145.701,301.84,100,40,7.2,MP,1689370903
151,kayangel,8.0823,134.7173,302.21,77,100,7.07,PW,1689371499
152,vorgashor,67.5833,63.95,281.85,70,9,2.56,RU,1689371499
153,fuglafjordur,62.244,-6.814,282.41,84,28,2.88,FO,1689371501
154,tuy hoa,13.0833,109.3,299.16,80,96,6.31,VN,1689371501
155,igarka,67.4667,86.5833,280.96,63,100,2.8,RU,1689370921
156,villa emilio carranza,19.9667,-96.6,305.99,57,27,8.73,MX,1689371502
157,tazovsky,67.4667,78.7,281.5,68,100,2.37,RU,1689371101
158,yelizovo,53.1873,158.3805,285.23,100,100,3.13,RU,1689371502
159,laem sing,12.4816,102.0738,300.44,84,100,5.2,TH,1689371503
160,horta,38.5333,-28.6333,293.95,82,20,2.57,PT,1689370930
161,zhangjiakou shi xuanhua qu,40.6103,115.0447,293.46,61,2,5.35,CN,1689371503
162,klaksvik,62.2266,-6.589,282.66,81,12,2.78,FO,1689371504
163,al kharj,24.155,47.3346,308.47,7,44,4.53,SA,1689371504
164,ar ruways,24.1103,52.7306,306.11,70,70,3.8,AE,1689371505
165,karliova,39.2983,41.0142,289.21,58,0,2.93,TR,1689371505
166,greenville,35.6127,-77.3663,302.17,88,0,3.6,US,1689371506
167,kudahuvadhoo,2.6708,72.8944,300.64,75,0,0.56,MV,1689371506
168,qaqortoq,60.7167,-46.0333,280.81,85,100,1.31,GL,1689371506
169,kapuskasing,49.4169,-82.4331,294.2,83,75,6.17,CA,1689370943
170,noosa heads,-26.3833,153.15,287.78,61,33,2.87,AU,1689370976
171,chernyshevskiy,63.0128,112.4714,279.88,56,11,2.66,RU,1689370912
172,christchurch,-43.5333,172.6333,282.27,100,83,1.03,NZ,1689371293
173,puerto armuelles,8.2833,-82.8667,300.42,84,100,1.34,PA,1689371508
174,mosty,53.4122,24.5387,287.36,73,43,1.17,BY,1689371508
175,mga,59.75,31.0667,290.84,79,100,1.97,RU,1689371508
176,selfoss,63.9331,-20.9971,281.51,78,47,5.12,IS,1689370975
177,bahia honda,22.9036,-83.1592,304.11,63,70,5.35,CU,1689371509
178,glace bay,46.1969,-59.957,299.87,84,20,5.66,CA,1689371509
179,bamboo flat,11.7,92.7167,300.2,89,75,2.06,IN,1689370956
180,pelabuhanratu,-6.9875,106.5514,297.01,90,89,1.58,ID,1689371510
181,haiku-pauwela,20.9219,-156.3051,302.13,59,20,10.29,US,1689370966
182,petropavl,54.8753,69.1628,286.13,76,98,3.71,KZ,1689371511
183,hawaiian paradise park,19.5933,-154.9731,301.98,70,0,5.14,US,1689371511
184,hasaki,35.7333,140.8333,299.94,84,100,6.52,JP,1689370960
185,remire-montjoly,4.9167,-52.2667,301.17,78,75,3.09,GF,1689371009
186,vorkuta,67.5,64.0,282.07,70,10,2.38,RU,1689371512
187,tarawa,1.419,172.984,303.2,70,40,2.06,KI,1689371512
188,lucapa,-8.4192,20.7447,294.14,33,0,0.84,AO,1689371040
189,porto novo,6.4965,2.6036,300.05,89,100,2.3,BJ,1689371512
190,tidjikja,18.5564,-11.4271,308.57,25,61,4.08,MR,1689370914
191,dunedin,-45.8742,170.5036,284.15,70,99,1.34,NZ,1689370919
192,blama,7.8736,-11.3433,295.61,99,100,0.57,SL,1689371513
193,caleta de carquin,-11.0925,-77.6267,294.53,75,74,4.3,PE,1689371043
194,bilibino,68.0546,166.4372,296.87,44,8,1.72,RU,1689371514
195,atafu village,-8.5421,-172.5159,301.37,75,40,3.38,TK,1689371515
196,waegwan,35.9917,128.3973,302.2,96,100,3.38,KR,1689371515
197,pisco,-13.7,-76.2167,294.18,78,100,3.6,PE,1689371012
198,keflavik,64.0049,-22.5624,283.1,76,75,11.32,IS,1689371030
199,tartagal,-22.5164,-63.8013,287.26,52,93,2.1,AR,1689371430
200,akureyri,65.6835,-18.0878,279.11,87,75,6.17,IS,1689371516
201,mahibadhoo,3.7833,72.9667,300.66,76,4,1.17,MV,1689371516
202,jiazi,22.8779,116.067,300.85,81,82,2.03,CN,1689371517
203,kodinsk,58.6881,99.1844,282.47,62,23,1.05,RU,1689371517
204,zhangye,38.9342,100.4517,293.67,33,0,3.09,CN,1689371517
205,phan thiet,10.9333,108.1,298.39,87,100,4.71,VN,1689371517
206,armidale,-30.5167,151.65,279.84,73,0,1.46,AU,1689371518
207,sitka,57.0531,-135.33,290.09,77,20,3.6,US,1689370993
208,isafjordur,66.0755,-23.124,281.17,66,100,5.14,IS,1689371518
209,klyuchi,52.2667,79.1667,296.13,61,74,0.82,RU,1689370944
210,librazhd-qender,41.1969,20.3356,296.32,52,0,0.78,AL,1689371519
211,santa ana,33.7456,-117.8678,313.51,39,20,4.12,US,1689370871
212,manaure,11.7751,-72.4445,304.59,55,82,11.34,CO,1689371519
213,mandalgovi,45.7625,106.2708,287.04,48,0,1.76,MN,1689371520
214,new norfolk,-42.7826,147.0587,282.87,91,100,2.92,AU,1689370971
215,forster,-32.1667,152.5167,284.67,60,3,2.07,AU,1689371520
216,uturoa,-16.7333,-151.4333,299.41,67,3,5.26,PF,1689370960
217,curumani,9.1999,-73.5427,307.0,54,98,1.1,CO,1689371521
218,nouadhibou,20.931,-17.0347,298.14,69,26,4.12,MR,1689371002
219,gatton,-27.55,152.2833,287.4,79,0,1.09,AU,1689371521
220,kiambu,-1.1667,36.8333,291.92,55,75,1.54,KE,1689371521
221,holmsund,63.706,20.3641,289.23,93,0,2.24,SE,1689371522
222,orcopampa,-15.2661,-72.3417,285.2,32,71,4.16,PE,1689371522
223,hithadhoo,-0.6,73.0833,301.25,74,8,1.83,MV,1689371012
224,dolzhanskaya,46.6311,37.8039,296.28,82,28,9.76,RU,1689371523
225,tralee,52.2704,-9.7026,286.52,96,100,3.48,IE,1689371523
226,bodo,67.28,14.405,285.8,85,40,9.26,NO,1689371318
227,yuzhno-kurilsk,44.0306,145.8556,287.75,87,99,1.41,RU,1689371523
228,tual,-5.6667,132.75,299.37,81,56,9.6,ID,1689371524
229,castillos,-34.1667,-53.8333,282.54,65,87,0.59,UY,1689371068
230,kapa'a,22.0752,-159.319,303.33,70,20,5.14,US,1689371397
231,temiskaming shores,47.4938,-79.7153,297.04,51,100,3.86,CA,1689371525
232,antonio enes,-16.2325,39.9086,294.44,74,76,3.46,MZ,1689371059
233,salinopolis,-0.6136,-47.3561,299.67,84,20,5.24,BR,1689371525
234,moree,-29.4667,149.85,283.94,78,0,4.2,AU,1689371067
235,karratha,-20.7377,116.8463,292.47,38,0,8.07,AU,1689371526
236,bikenibeu village,1.3673,173.1241,303.13,70,40,2.06,KI,1689371024
237,maysville,38.6412,-83.7444,306.71,40,40,3.6,US,1689371527
238,nova sintra,14.8667,-24.7167,296.27,85,22,3.14,CV,1689371527
239,el calafate,-50.3408,-72.2768,269.37,83,24,0.93,AR,1689371528
240,guajara mirim,-10.7828,-65.3394,299.81,56,7,1.39,BR,1689371528
241,ghat,24.9647,10.1728,303.82,11,0,2.72,LY,1689371125
242,la'ie,21.6477,-157.9253,304.13,61,51,1.79,US,1689371529
243,quellon,-43.1167,-73.6167,281.29,93,75,3.6,CL,1689371076
244,shamkhor,40.8297,46.0189,297.35,64,50,1.34,AZ,1689371529
245,knoxville,35.9606,-83.9207,307.1,60,0,4.12,US,1689371284
246,kavieng,-2.5744,150.7967,300.93,79,88,2.45,PG,1689371044
247,bengkulu,-3.8004,102.2655,295.98,90,37,1.71,ID,1689371530
248,vangaindrano,-23.35,47.6,290.88,86,98,2.13,MG,1689371530
249,mozarlandia,-14.7447,-50.5706,298.9,43,22,3.35,BR,1689371531
250,tomatlan,19.9333,-105.25,306.7,58,15,5.14,MX,1689371132
251,coronango,19.1167,-98.3,295.83,42,12,3.95,MX,1689371531
252,holualoa,19.6228,-155.9522,300.06,72,20,4.12,US,1689371081
253,chibougamau,49.9168,-74.3659,295.94,53,75,4.12,CA,1689370808
254,naze,28.3667,129.4833,300.66,84,86,7.59,JP,1689371532
255,mokhsogollokh,61.4681,128.9203,288.05,84,2,1.75,RU,1689371532
256,livorno,43.2333,10.5833,299.08,100,0,1.02,IT,1689371533
257,arraial do cabo,-22.9661,-42.0278,293.07,64,20,7.72,BR,1689371533
258,ust'-kut,56.7938,105.7672,285.2,82,92,0.74,RU,1689371534
259,ola,59.5833,151.2833,287.92,73,8,0.85,RU,1689371126
260,elko,41.0002,-115.5012,304.62,18,0,5.36,US,1689371535
261,princeville,45.7668,-61.2985,300.72,73,0,4.12,CA,1689371535
262,manacapuru,-3.2997,-60.6206,301.39,68,53,1.06,BR,1689371535
263,labytnangi,66.6572,66.4183,284.73,67,6,2.33,RU,1689371018
264,rabo de peixe,37.8,-25.5833,292.88,77,20,3.09,PT,1689371536
265,san patricio,28.017,-97.5169,311.02,49,33,8.95,US,1689370973
266,fort mcmurray,56.7268,-111.381,293.92,49,100,5.14,CA,1689371061
267,griffith,41.5284,-87.4237,305.9,60,40,6.17,US,1689371536
268,byron bay,-28.65,153.6167,284.1,74,0,2.68,AU,1689371495
269,calvinia,-31.4707,19.776,284.42,51,97,2.18,ZA,1689371537
270,sibonga,10.0168,123.6171,300.55,80,100,6.41,PH,1689371537
271,stornoway,58.2093,-6.3865,288.76,87,100,7.2,GB,1689371538
272,steinbach,50.1667,8.5667,296.67,48,0,1.54,DE,1689371461
273,lihue,21.9789,-159.3672,302.92,60,20,5.14,US,1689370979
274,necochea,-38.5473,-58.7368,279.92,74,100,3.89,AR,1689371539
275,mar del plata,-38.0023,-57.5575,281.16,77,100,4.92,AR,1689371130
276,prince rupert,54.3161,-130.3201,290.2,78,0,4.12,CA,1689371382
277,chatham,51.3789,0.5279,292.12,80,100,2.68,GB,1689371493
278,veinticinco de mayo,-35.4323,-60.1727,281.47,79,100,1.79,AR,1689371033
279,kashary,49.04,41.0056,292.96,95,99,5.44,RU,1689370968
280,wailua homesteads,22.0669,-159.378,302.59,69,20,5.14,US,1689371540
281,sechura,-5.5569,-80.8222,299.7,61,22,8.1,PE,1689370998
282,macapa,0.0389,-51.0664,304.14,74,20,4.63,BR,1689371511
283,lamu,-2.2717,40.902,296.27,85,38,6.54,KE,1689371541
284,general villegas,-35.0328,-63.0125,280.55,71,100,3.51,AR,1689371541
285,jumla,29.2747,82.1838,289.87,97,97,0.43,NP,1689371542
286,happy valley-goose bay,53.3168,-60.3315,301.32,47,75,4.63,CA,1689371016
287,arno,60.1167,18.6333,291.36,74,90,2.96,SE,1689371542
288,enewetak,11.3474,162.3373,301.57,80,84,8.34,MH,1689371542
289,fort bragg,35.139,-79.006,299.93,86,100,3.09,US,1689371119
290,tolanaro,-25.0319,46.9987,293.19,64,75,3.09,MG,1689370963
291,ancud,-41.8697,-73.8203,281.5,81,91,8.57,CL,1689371543
292,oyem,1.5995,11.5793,293.65,90,29,0.97,GA,1689371543
293,al wukayr,25.1508,51.5378,305.33,89,1,1.54,QA,1689371544
294,laascaanood,8.4774,47.3597,299.75,47,78,13.6,SO,1689371544
295,newman,37.3138,-121.0208,311.34,9,0,3.38,US,1689371066
296,berezovo,63.9381,65.0419,282.49,70,74,3.7,RU,1689371545
297,lethem,3.3803,-59.7968,304.18,66,40,5.14,GY,1689371545
298,okha,53.5739,142.9478,287.83,70,2,5.83,RU,1689371062
299,mili,6.0815,171.735,300.54,83,100,9.34,MH,1689370981
300,takoradi,4.8845,-1.7554,297.98,90,3,2.33,GH,1689371546
301,ar rutbah,33.0381,40.2848,302.59,19,1,5.71,IQ,1689371546
302,kolonia,50.9333,6.95,297.49,46,0,3.6,DE,1689370860
303,aykhal,66.0,111.5,277.53,65,49,6.46,RU,1689371546
304,banda,25.4833,80.3333,301.85,78,100,4.59,IN,1689371547
305,fisterra,42.9049,-9.2629,291.34,85,61,5.93,ES,1689371547
306,chimoio,-19.1164,33.4833,286.5,87,100,0.83,MZ,1689371548
307,eyl,7.9803,49.8164,298.85,68,32,11.73,SO,1689371548
308,antalaha,-14.9003,50.2788,294.64,72,34,6.17,MG,1689371548
309,alice springs,-23.7,133.8833,280.9,76,0,2.57,AU,1689370929
310,choibalsan,48.0667,114.5,287.73,61,18,3.08,MN,1689371549
311,tshabong,-26.05,22.45,284.16,54,55,5.74,BW,1689371549
312,alangulam,8.8667,77.5,299.56,69,90,3.19,IN,1689371550
313,sumbawa besar,-8.5,117.4333,294.07,93,98,2.21,ID,1689371550
314,port lincoln,-34.7333,135.8667,285.46,74,100,7.11,AU,1689371551
315,piti village,13.4626,144.6933,302.76,84,20,4.12,GU,1689371552
316,vadso,70.0744,29.7487,288.64,88,0,1.54,NO,1689371552
317,sao joao da barra,-21.6403,-41.0511,294.2,67,53,10.11,BR,1689371342
318,khandyga,62.6667,135.6,289.31,73,100,0.48,RU,1689370970
319,zhosaly,45.4878,64.0781,295.8,47,3,4.07,KZ,1689371553
320,colonia,50.9333,6.95,297.49,46,0,3.6,DE,1689371010
321,nema,57.5067,50.5011,288.83,69,100,3.24,RU,1689371120
322,poshekhon'ye,58.4993,39.1353,284.24,92,4,1.21,RU,1689371554
323,wynyard,-41.0,145.7167,282.08,83,100,5.67,AU,1689371091
324,nchelenge,-9.3451,28.734,291.4,58,0,2.94,ZM,1689371554
325,nemuro,43.3236,145.575,286.83,94,100,1.27,JP,1689371555
326,port blair,11.6667,92.75,300.17,89,75,2.06,IN,1689371555
327,walvis bay,-22.9575,14.5053,285.98,94,0,3.6,NA,1689371555
328,bom jesus da lapa,-13.255,-43.4181,301.52,25,11,1.13,BR,1689371556
329,claveria,18.6074,121.0832,299.04,89,100,2.29,PH,1689371556
330,kegeyli shahar,42.7767,59.6078,295.2,34,0,3.87,UZ,1689371557
331,mount pearl,47.5166,-52.7813,294.34,79,75,8.75,CA,1689370994
332,port moresby,-9.4431,147.1797,296.83,78,20,2.57,PG,1689371557
333,ermenek,36.6404,32.8918,294.51,34,0,3.93,TR,1689371557
334,buka,40.8108,69.1986,296.53,27,0,2.24,UZ,1689371558
335,revelstoke,50.9832,-118.2023,295.16,64,0,2.06,CA,1689371558
336,feira de santana,-12.2667,-38.9667,296.29,63,48,2.7,BR,1689371558
337,xinyuan,37.3,99.0,276.5,91,16,1.52,CN,1689371069
338,vila franca do campo,37.7167,-25.4333,293.38,79,50,3.07,PT,1689370966
339,apatity,67.5641,33.4031,287.2,94,100,2.05,RU,1689371559
340,carbonear,47.7332,-53.2148,295.06,81,98,5.34,CA,1689371559
341,stephenville,32.2207,-98.2023,314.22,20,0,5.14,US,1689370773
342,constitucion,-35.3333,-72.4167,283.93,84,100,4.88,CL,1689371560
343,padang,-0.9492,100.3543,295.18,82,100,1.68,ID,1689371560
344,santana do matos,-5.9575,-36.6556,301.03,57,38,3.72,BR,1689371560
345,mavelikara,9.2667,76.55,297.48,93,46,2.18,IN,1689371561
346,paracuru,-3.41,-39.0306,300.43,79,9,6.51,BR,1689371561
347,kulhudhuffushi,6.6221,73.07,300.98,74,17,4.38,MV,1689371561
348,along,28.1667,94.7667,297.07,99,97,0.2,IN,1689371561
349,ketchikan,55.3422,-131.6461,292.41,63,0,3.6,US,1689371562
350,kogalym,62.2654,74.4791,283.59,63,98,6.83,RU,1689371562
351,micheweni,-4.9667,39.8333,298.01,80,27,6.75,TZ,1689371562
352,smithers,54.7804,-127.1743,293.33,52,100,1.54,CA,1689371563
353,belle fourche,44.6714,-103.8522,300.42,36,66,8.01,US,1689371563
354,xining,36.6167,101.7667,283.69,74,44,1.41,CN,1689371563
355,bubaque,11.2833,-15.8333,300.83,77,100,5.01,GW,1689371563
356,kansanshi,-12.0951,26.4273,285.38,65,0,1.57,ZM,1689371466
357,bardai,11.65,7.2333,298.38,68,70,1.94,NG,1689371564
358,talakan,50.3167,130.3667,292.28,79,100,1.39,RU,1689370975
359,shitanjing,39.2342,106.3439,293.22,39,4,1.91,CN,1689371565
360,musoma,-1.5,33.8,294.33,70,47,2.98,TZ,1689371565
361,coxen hole,16.3244,-86.5366,304.75,62,20,9.26,HN,1689371565
362,beau vallon,-20.4189,57.6953,296.28,88,40,3.09,MU,1689371565
363,kinik,39.0872,27.3833,300.1,54,0,2.91,TR,1689371566
364,greenwood,34.1668,-82.1165,305.24,58,0,3.09,US,1689371519
365,lib,8.3122,167.3766,301.67,71,89,8.2,MH,1689371566
366,manokwari,-0.8667,134.0833,298.61,79,94,2.94,ID,1689371567
367,xiaoshi,41.2971,124.1209,294.4,97,52,1.44,CN,1689371567
368,kamin-kashyrskyi,51.6241,24.9586,289.09,65,36,1.45,UA,1689371567
369,rongelap,11.1635,166.8941,301.46,76,86,7.25,MH,1689371568
370,chonchi,-42.6128,-73.8092,279.71,88,99,3.34,CL,1689370978
371,blanchard,35.1378,-97.6581,308.48,57,48,4.37,US,1689371569
372,penal,10.1667,-61.4667,302.16,81,93,0.45,TT,1689371569
373,surovikino,48.6078,42.8486,294.99,76,100,5.49,RU,1689371570
374,karak city,31.1637,35.762,298.65,31,47,2.41,JO,1689371570
375,houghton,47.1219,-88.569,302.1,48,0,3.13,US,1689371570
376,as suwayq,23.8494,57.4386,304.16,77,25,3.54,OM,1689371570
377,benguela,-12.5763,13.4055,293.77,73,0,1.08,AO,1689371571
378,martapura,-3.4167,114.85,298.2,100,100,2.06,ID,1689371571
379,taro,-8.3862,115.28,295.15,96,98,1.61,ID,1689371017
380,kaohsiung,22.6163,120.3133,302.06,87,75,1.03,TW,1689371572
381,alliance,40.9153,-81.1059,303.93,54,2,3.59,US,1689371503
382,kourou,5.1552,-52.6478,301.18,82,31,3.69,GF,1689371572
383,tura,25.5198,90.2201,296.87,99,99,2.02,IN,1689371573
384,suihua,46.6406,126.9969,289.54,95,100,4.22,CN,1689371573
385,pacasmayo,-7.4006,-79.5714,296.12,75,25,6.65,PE,1689371573
386,norak,38.3892,69.3227,300.99,22,0,3.25,TJ,1689371574
387,afif,23.9065,42.9172,301.52,12,2,4.09,SA,1689371574
388,betio village,1.358,172.9211,303.17,72,48,3.63,KI,1689371574
389,sao paulo de olivenca,-3.3783,-68.8725,301.28,72,84,1.33,BR,1689371575
390,bang khla,13.7214,101.2081,302.8,76,86,3.15,TH,1689371575
391,mugia,43.1041,-9.2179,291.99,85,66,6.52,ES,1689371065
392,queenstown,-31.8976,26.8753,282.01,45,89,2.6,ZA,1689371576
393,fredericton,45.9454,-66.6656,300.28,76,40,3.6,CA,1689371576
394,hami,42.8,93.45,302.76,14,0,3.04,CN,1689371070
395,vilyuysk,63.7553,121.6247,282.89,90,92,4.41,RU,1689371050
396,xiva,41.3783,60.3639,295.14,28,0,6.49,UZ,1689371577
397,santa cruz del norte,23.1539,-81.9236,303.73,68,73,7.08,CU,1689371577
398,santa cruz,-17.8,-63.1667,291.18,52,75,4.12,BO,1689370811
399,dourados,-22.2211,-54.8056,284.94,55,0,2.02,BR,1689371560
400,fale old settlement,-9.3852,-171.2468,300.92,79,92,6.45,TK,1689371578
401,saint john,45.2727,-66.0677,291.72,100,100,6.17,CA,1689371578
402,filipstad,59.7124,14.1683,284.63,89,24,1.76,SE,1689371578
403,trat,12.5,102.5,297.79,96,100,0.75,TH,1689371578
404,el granada,37.5027,-122.4694,307.55,66,0,6.69,US,1689370962
405,bueng kan,18.363,103.6519,297.24,96,99,1.08,TH,1689371579
406,luanda,-8.8368,13.2343,294.15,88,75,0.0,AO,1689370995
407,kargopol',61.5071,38.9456,287.56,80,99,0.92,RU,1689371580
408,ilam,26.9167,87.9167,293.65,95,98,0.79,NP,1689371580
409,tromso,69.6496,18.957,289.47,67,0,2.06,NO,1689371455
410,lillesand,58.2488,8.3778,288.09,94,0,2.06,NO,1689371580
411,prieska,-29.6641,22.7474,285.41,49,74,3.25,ZA,1689371581
412,sawakin,19.1059,37.3321,305.98,52,97,1.6,SD,1689371581
413,patterson,37.4716,-121.1297,309.68,10,0,4.22,US,1689371581
414,lagunas,-5.2269,-75.6753,302.84,64,91,0.54,PE,1689371582
415,aberdeen,57.1437,-2.0981,287.42,96,100,5.14,GB,1689371582
416,barcelos,41.5388,-8.6151,292.51,93,98,1.76,PT,1689371405
417,hastings,50.8552,0.5729,291.44,50,98,8.61,GB,1689371469
418,prince george,53.9166,-122.753,291.84,63,100,0.0,CA,1689371583
419,hobyo,5.3505,48.5268,298.26,81,51,11.18,SO,1689371583
420,karmaskaly,54.3709,56.1837,288.1,84,93,4.34,RU,1689371583
421,bondo,3.8146,23.6866,293.83,99,100,1.27,CD,1689371583
422,loen,7.7601,168.2307,301.88,73,89,7.96,MH,1689371584
423,la passe,45.5549,-0.8967,294.81,88,3,3.88,FR,1689371584
424,mermoz boabab,14.7065,-17.4758,302.46,84,40,2.06,SN,1689371584
425,tumaco,1.7986,-78.8156,299.93,85,59,3.39,CO,1689371585
426,mejit,10.2753,170.8646,301.37,75,83,7.69,MH,1689371585
427,dudinka,69.4058,86.1778,279.61,65,100,5.22,RU,1689371585
428,paita,-5.0892,-81.1144,296.98,77,56,7.66,PE,1689371586
429,tsiombe,-25.3,45.4833,291.01,58,8,5.16,MG,1689371072
430,fallon,39.4735,-118.7774,310.33,17,0,0.0,US,1689370825
431,wenatchee,47.4235,-120.3103,309.07,25,0,2.68,US,1689371586
432,as sulayyil,20.4607,45.5779,309.29,5,100,1.7,SA,1689371034
433,nar'yan-mar,67.6713,53.087,284.93,81,7,3.37,RU,1689371587
434,modasa,23.4667,73.3,300.76,78,82,5.07,IN,1689371587
435,sao jose da coroa grande,-8.8978,-35.1478,297.84,86,3,3.81,BR,1689371064
436,puerto leguizamo,-0.1934,-74.7819,295.42,98,100,0.86,CO,1689371588
437,beyneu,45.3167,55.2,296.55,31,0,1.84,KZ,1689371588
438,kailua-kona,19.6406,-155.9956,302.87,70,20,4.12,US,1689370760
439,thinadhoo,0.5333,72.9333,300.97,76,0,0.98,MV,1689371589
440,uyuni,-20.4597,-66.825,278.5,16,89,4.98,BO,1689371084
441,lauro de freitas,-12.8944,-38.3272,299.16,89,20,4.12,BR,1689371530
442,plastunovskaya,45.2939,39.2669,295.29,82,49,4.6,RU,1689371589
443,tofol,5.3248,163.0078,302.2,71,77,6.73,FM,1689371590
444,concepcion,-36.827,-73.0498,285.04,76,40,5.14,CL,1689371571
445,darwin,-12.4611,130.8418,296.14,83,40,2.06,AU,1689371590
446,plouzane,48.3833,-4.6167,289.33,94,75,7.72,FR,1689371591
447,kill devil hills,36.0307,-75.676,303.15,74,40,7.72,US,1689371591
448,kolondieba,11.0882,-6.8926,297.63,85,43,2.73,ML,1689371591
449,truth or consequences,33.1284,-107.2528,312.28,16,0,1.33,US,1689371592
450,iturama,-19.7281,-50.1956,289.26,42,1,2.91,BR,1689371592
451,slavyanka,42.8633,131.3847,291.06,96,100,0.47,RU,1689371355
452,atamyrat,37.8357,65.2106,302.11,18,0,7.77,TM,1689371593
453,les avirons,-21.2418,55.3394,293.18,94,75,9.26,RE,1689371593
454,talara,-4.5772,-81.2719,300.57,65,0,6.17,PE,1689371593
455,gonabad,34.3529,58.6837,298.24,31,0,1.58,IR,1689371594
456,al ghayzah,16.2079,52.176,299.21,91,77,4.81,YE,1689371122
457,winnemucca,40.973,-117.7357,306.03,13,0,2.19,US,1689371594
458,cockburn town,21.4612,-71.1419,301.45,83,17,8.35,TC,1689371594
459,robit,12.0167,39.6333,297.32,45,3,1.02,ET,1689371595
460,kenai,60.5544,-151.2583,290.2,83,100,7.2,US,1689371595
461,zagora,30.3484,-5.8365,309.25,15,91,4.5,MA,1689371077
462,alaghsas,17.0187,8.0168,306.84,28,95,0.8,NE,1689371596
463,celestun,20.8667,-90.4,304.09,70,12,8.62,MX,1689371596
464,goz beida,13.95,20.55,304.03,46,99,5.79,TD,1689371598
465,aral,40.5156,81.2636,301.78,18,2,0.81,CN,1689371598
466,kirakira,-10.4544,161.9205,299.42,88,100,6.19,SB,1689371023
467,brookings,44.3114,-96.7984,300.62,50,0,7.2,US,1689371095
468,sisimiut,66.9395,-53.6735,281.23,83,68,3.29,GL,1689370999
469,saldanha,-33.0117,17.9442,286.18,83,27,1.21,ZA,1689371599
470,plastun,44.7561,136.2939,287.65,98,100,6.73,RU,1689371600
471,la gi,10.6667,107.7833,298.59,91,100,4.23,VN,1689371600
472,doka,13.5167,35.7667,298.38,61,100,8.38,SD,1689371600
473,san jose del guaviare,2.5729,-72.6459,298.25,88,82,0.84,CO,1689371601
474,palmer,42.1584,-72.3287,301.04,68,40,4.12,US,1689371343
475,richards bay,-28.783,32.0377,289.32,71,3,5.94,ZA,1689371013
476,piedmont,37.8244,-122.2316,312.44,57,0,5.36,US,1689371602
477,kitimat,54.0524,-128.6534,299.09,54,80,1.79,CA,1689371603
478,nuuk,64.1835,-51.7216,280.49,100,75,8.23,GL,1689371603
479,mercedes,-34.6515,-59.4307,281.5,69,100,3.24,AR,1689371603
480,jackson,42.4165,-122.8345,310.02,28,0,3.6,US,1689371394
481,longquan,24.6719,102.1613,290.54,84,99,1.43,CN,1689371604
482,bandarbeyla,9.4942,50.8122,297.04,85,50,13.69,SO,1689371604
483,auki,-8.7676,160.7034,298.69,91,100,2.92,SB,1689371605
484,grand falls-windsor,48.9332,-55.6649,294.54,89,91,0.89,CA,1689371567
485,saynshand,44.8824,110.1163,291.49,45,0,2.77,MN,1689371605
486,cooma,-36.2333,149.1333,282.33,57,100,5.51,AU,1689371605
487,cassilandia,-19.1133,-51.7342,288.16,43,2,2.36,BR,1689371606
488,alpine,32.835,-116.7664,312.25,29,0,4.63,US,1689371606
489,tindouf,27.6711,-8.1474,315.4,11,75,3.09,DZ,1689371606
490,awjilah,29.1081,21.2869,301.28,45,0,6.96,LY,1689371607
491,minas de marcona,-15.2119,-75.1103,289.1,70,37,4.49,PE,1689371607
492,jiangyou,31.7667,104.7167,293.94,66,98,1.64,CN,1689371416
493,nurota,40.5614,65.6886,297.22,29,0,6.58,UZ,1689371607
494,opuwo,-18.0607,13.84,283.78,36,0,2.29,NA,1689371608
495,westport,41.1415,-73.3579,301.83,79,100,3.6,US,1689371050
496,upata,8.0086,-62.3989,298.81,85,100,2.06,VE,1689371609
497,sosnovka,56.255,51.2842,285.13,89,14,2.23,RU,1689371609
498,payakumbuh,-0.2202,100.6308,293.35,83,100,1.56,ID,1689371609
499,brokopondo,4.75,-55.1667,301.62,72,87,2.1,SR,1689371610
500,ghormach,35.7306,63.7826,299.72,21,0,3.54,AF,1689371610
501,filingue,14.3521,3.3168,307.46,39,100,4.95,NE,1689371611
502,carutapera,-1.195,-46.02,298.46,88,45,3.2,BR,1689371611
503,chillicothe,39.3331,-82.9824,305.92,45,0,4.12,US,1689371612
504,tvoroyri,61.5556,-6.8111,284.11,82,25,6.03,FO,1689371612
505,murzuq,25.9155,13.9184,302.56,14,0,3.32,LY,1689371612
506,tot'ma,59.9747,42.7642,286.56,82,76,0.92,RU,1689371613
507,sidi merouane,36.5206,6.2611,303.86,54,0,1.1,DZ,1689371613
508,nikol'sk,53.7189,46.0712,285.52,94,94,1.4,RU,1689371613
509,idri,27.5,13.2667,302.65,16,0,5.34,LY,1689371614
510,beardstown,40.0176,-90.4243,306.52,65,36,0.45,US,1689371614
511,whitby,54.4877,-0.615,289.44,94,100,1.34,GB,1689371383
512,goiatuba,-18.0125,-49.3547,290.12,39,62,1.96,BR,1689371614
513,stung treng,13.5259,105.9683,296.28,99,100,1.44,KH,1689371615
514,mana,5.6592,-53.7767,299.94,85,13,4.29,GF,1689371615
515,kamaishi,39.2667,141.8833,294.42,97,100,4.37,JP,1689371615
516,zaozersk,69.4005,32.4476,290.04,76,100,0.91,RU,1689371615
517,morris,40.8334,-74.5329,302.14,79,75,3.6,US,1689371616
518,tezu,27.9167,96.1667,297.8,93,96,1.07,IN,1689371616
519,weno,7.4515,151.8468,301.94,79,73,7.05,FM,1689371616
520,puerto deseado,-47.7503,-65.8938,276.22,63,96,3.3,AR,1689371617
521,tionk essil,12.7856,-16.5217,300.13,82,99,2.42,SN,1689371617
522,sirte,31.2089,16.5887,299.27,69,0,2.91,LY,1689371089
523,koulikoro,14.0,-7.75,304.47,43,90,1.22,ML,1689371617
524,hadibu,12.65,54.0333,298.73,78,11,9.14,YE,1689371618
525,taoudenni,22.6783,-3.9836,310.49,4,0,5.49,ML,1689371618
526,palu,-0.8917,119.8707,297.51,93,94,1.31,ID,1689371619
527,ghadamis,30.1337,9.5007,305.54,12,0,2.87,LY,1689371619
528,pitea,65.3172,21.4794,288.2,93,98,0.17,SE,1689371620
529,parvatsar,26.8833,74.7667,302.82,64,75,5.88,IN,1689371620
530,pullman,46.7313,-117.1796,306.06,25,0,2.68,US,1689371621
531,fairview,40.8126,-73.999,302.38,73,20,6.17,US,1689371418
532,vrangel',42.7297,133.0839,291.49,86,100,1.7,RU,1689371621
533,gudiyatham,12.95,78.8667,299.0,73,78,5.12,IN,1689371622
534,tabas,33.5959,56.9244,303.52,22,0,0.67,IR,1689371622
535,ivdel',60.6911,60.4206,284.03,96,100,4.84,RU,1689371622
536,penonome,8.5167,-80.3667,301.64,73,100,3.13,PA,1689371623
537,kyshtovka,56.555,76.6271,289.62,96,84,0.86,RU,1689371623
538,cidreira,-30.1811,-50.2056,284.27,70,92,4.21,BR,1689371623
539,pudozh,61.8099,36.5345,285.93,91,63,0.86,RU,1689371624
540,charters towers,-20.1,146.2667,288.34,84,0,4.34,AU,1689371624
541,partenit,44.578,34.3446,295.94,82,0,4.45,UA,1689371624
542,cannonvale,-20.2833,148.7,294.81,76,53,6.63,AU,1689371625
543,astara,38.5,48.6667,293.14,84,0,0.76,AZ,1689371625
544,torghay,49.6339,63.4981,291.86,47,15,6.66,KZ,1689371625
545,bonab,37.3404,46.0561,299.4,44,0,5.14,IR,1689371626
546,kushiro,42.975,144.3747,289.83,91,100,2.42,JP,1689371626
547,tazacorte,28.629,-17.9293,296.69,83,0,6.69,ES,1689371078
548,tokar,18.4254,37.729,305.87,46,91,2.32,SD,1689371626
549,domna,51.8971,113.1573,285.24,87,55,1.0,RU,1689371627
550,buala,-8.145,159.5921,299.86,86,100,5.82,SB,1689371627
551,antsiranana,-12.2787,49.2917,295.93,72,2,7.5,MG,1689371627
552,gaigeturi,33.4644,126.3183,301.18,78,75,7.2,KR,1689371628
553,onega,63.9061,38.1404,289.22,82,100,1.13,RU,1689371628
554,berezivka,47.2043,30.9078,292.88,62,0,3.54,UA,1689371628
555,esikhaleni,-28.871,31.8996,289.16,73,6,6.45,ZA,1689371628
556,east london,-33.0153,27.9116,290.83,41,100,3.09,ZA,1689371629
557,wad rawah,15.1603,33.1397,308.26,26,97,4.23,SD,1689371629
558,ati,13.2154,18.3353,300.68,53,100,4.91,TD,1689371630
559,daru,-9.0763,143.2092,297.98,81,98,8.33,PG,1689371630
560,puerto pilon,9.3644,-79.7933,302.49,87,100,2.24,PA,1689371630
561,ryotsu-minato,38.0833,138.4333,296.7,86,100,6.34,JP,1689371630
562,majalgaon,19.15,76.2333,299.02,75,100,6.67,IN,1689371631
563,byadgi,14.6833,75.4833,294.21,93,76,4.3,IN,1689371631
564,island harbour,50.724,-1.2758,290.47,92,93,3.13,GB,1689371631
565,kalabo,-14.97,22.6814,286.27,49,0,2.86,ZM,1689371632
566,az zawiyah,32.0963,35.0398,303.18,87,20,1.03,PS,1689371632
567,margate,51.3813,1.3862,291.43,92,100,4.92,GB,1689371632
568,arkalyk,50.2486,66.9114,290.35,45,51,8.99,KZ,1689371632
569,tarija,-21.5355,-64.7296,295.1,40,82,2.57,BO,1689371633
570,itoman,26.1247,127.6694,301.58,91,75,7.2,JP,1689371633
571,morez,46.5254,6.0259,296.88,53,17,1.85,FR,1689371633
572,kaiyuan,23.6977,103.3037,292.64,95,100,1.74,CN,1689371634
573,garagoa,5.0824,-73.3633,290.17,98,90,1.28,CO,1689371635
574,igrim,63.1906,64.4162,284.19,65,97,3.74,RU,1689371635
575,olyokminsk,60.3736,120.4264,282.45,81,34,3.47,RU,1689371090
576,kadom,54.5592,42.4675,284.51,95,35,1.9,RU,1689371636
577,port de pollenca,39.9075,3.0814,300.53,72,1,4.81,ES,1689371636
578,conceicao das alagoas,-19.9147,-48.3883,292.03,41,6,2.3,BR,1689371636
579,inhambane,-23.865,35.3833,292.19,67,90,2.98,MZ,1689371637
580,olavarria,-36.8927,-60.3225,278.41,80,100,3.03,AR,1689371637
581,monrovia,6.3005,-10.7969,297.02,86,100,2.85,LR,1689371465
582,lodwar,3.1191,35.5973,301.81,40,57,10.82,KE,1689371637
583,sao geraldo do araguaia,-6.4006,-48.555,304.26,36,75,0.45,BR,1689371638
584,novoishimskiy,53.1981,66.7694,286.22,93,88,4.46,KZ,1689371638
585,seaside,36.6111,-121.8516,298.64,84,40,5.14,US,1689371638
586,mumford,5.2618,-0.759,298.06,90,63,2.36,GH,1689371638
587,es castell,39.8795,4.2854,298.53,69,0,2.57,ES,1689371639
588,jieshi,22.8134,115.8257,301.53,80,87,2.07,CN,1689371639
